<?xml version="1.0" encoding="UTF-8"?>
<GenRun Id="impl_1" LaunchPart="xc7z020clg400-1" LaunchTime="1652315760">
  <File Type="BITSTR-BMM" Name="ugv_wrapper_bd.bmm"/>
  <File Type="OPT-METHODOLOGY-DRC" Name="ugv_wrapper_methodology_drc_opted.rpt"/>
  <File Type="INIT-TIMING" Name="ugv_wrapper_timing_summary_init.rpt"/>
  <File Type="ROUTE-PWR" Name="ugv_wrapper_power_routed.rpt"/>
  <File Type="PA-TCL" Name="ugv_wrapper.tcl"/>
  <File Type="OPT-TIMING" Name="ugv_wrapper_timing_summary_opted.rpt"/>
  <File Type="OPT-DCP" Name="ugv_wrapper_opt.dcp"/>
  <File Type="ROUTE-PWR-SUM" Name="ugv_wrapper_power_summary_routed.pb"/>
  <File Type="REPORTS-TCL" Name="ugv_wrapper_reports.tcl"/>
  <File Type="OPT-DRC" Name="ugv_wrapper_drc_opted.rpt"/>
  <File Type="OPT-HWDEF" Name="ugv_wrapper.hwdef"/>
  <File Type="PWROPT-DCP" Name="ugv_wrapper_pwropt.dcp"/>
  <File Type="PWROPT-DRC" Name="ugv_wrapper_drc_pwropted.rpt"/>
  <File Type="PWROPT-TIMING" Name="ugv_wrapper_timing_summary_pwropted.rpt"/>
  <File Type="PLACE-DCP" Name="ugv_wrapper_placed.dcp"/>
  <File Type="PLACE-IO" Name="ugv_wrapper_io_placed.rpt"/>
  <File Type="PLACE-CLK" Name="ugv_wrapper_clock_utilization_placed.rpt"/>
  <File Type="PLACE-UTIL" Name="ugv_wrapper_utilization_placed.rpt"/>
  <File Type="PLACE-UTIL-PB" Name="ugv_wrapper_utilization_placed.pb"/>
  <File Type="PLACE-CTRL" Name="ugv_wrapper_control_sets_placed.rpt"/>
  <File Type="PLACE-SIMILARITY" Name="ugv_wrapper_incremental_reuse_placed.rpt"/>
  <File Type="PLACE-PRE-SIMILARITY" Name="ugv_wrapper_incremental_reuse_pre_placed.rpt"/>
  <File Type="BG-BGN" Name="ugv_wrapper.bgn"/>
  <File Type="PLACE-TIMING" Name="ugv_wrapper_timing_summary_placed.rpt"/>
  <File Type="POSTPLACE-PWROPT-DCP" Name="ugv_wrapper_postplace_pwropt.dcp"/>
  <File Type="BG-BIN" Name="ugv_wrapper.bin"/>
  <File Type="POSTPLACE-PWROPT-TIMING" Name="ugv_wrapper_timing_summary_postplace_pwropted.rpt"/>
  <File Type="PHYSOPT-DCP" Name="ugv_wrapper_physopt.dcp"/>
  <File Type="PHYSOPT-DRC" Name="ugv_wrapper_drc_physopted.rpt"/>
  <File Type="BITSTR-MSK" Name="ugv_wrapper.msk"/>
  <File Type="PHYSOPT-TIMING" Name="ugv_wrapper_timing_summary_physopted.rpt"/>
  <File Type="ROUTE-ERROR-DCP" Name="ugv_wrapper_routed_error.dcp"/>
  <File Type="ROUTE-DCP" Name="ugv_wrapper_routed.dcp"/>
  <File Type="ROUTE-BLACKBOX-DCP" Name="ugv_wrapper_routed_bb.dcp"/>
  <File Type="ROUTE-DRC" Name="ugv_wrapper_drc_routed.rpt"/>
  <File Type="ROUTE-DRC-PB" Name="ugv_wrapper_drc_routed.pb"/>
  <File Type="BITSTR-LTX" Name="debug_nets.ltx"/>
  <File Type="BITSTR-LTX" Name="ugv_wrapper.ltx"/>
  <File Type="ROUTE-DRC-RPX" Name="ugv_wrapper_drc_routed.rpx"/>
  <File Type="BITSTR-MMI" Name="ugv_wrapper.mmi"/>
  <File Type="ROUTE-METHODOLOGY-DRC" Name="ugv_wrapper_methodology_drc_routed.rpt"/>
  <File Type="ROUTE-METHODOLOGY-DRC-RPX" Name="ugv_wrapper_methodology_drc_routed.rpx"/>
  <File Type="BITSTR-SYSDEF" Name="ugv_wrapper.sysdef"/>
  <File Type="ROUTE-METHODOLOGY-DRC-PB" Name="ugv_wrapper_methodology_drc_routed.pb"/>
  <File Type="ROUTE-PWR-RPX" Name="ugv_wrapper_power_routed.rpx"/>
  <File Type="ROUTE-STATUS" Name="ugv_wrapper_route_status.rpt"/>
  <File Type="ROUTE-STATUS-PB" Name="ugv_wrapper_route_status.pb"/>
  <File Type="ROUTE-TIMINGSUMMARY" Name="ugv_wrapper_timing_summary_routed.rpt"/>
  <File Type="ROUTE-TIMING-PB" Name="ugv_wrapper_timing_summary_routed.pb"/>
  <File Type="ROUTE-TIMING-RPX" Name="ugv_wrapper_timing_summary_routed.rpx"/>
  <File Type="ROUTE-SIMILARITY" Name="ugv_wrapper_incremental_reuse_routed.rpt"/>
  <File Type="ROUTE-CLK" Name="ugv_wrapper_clock_utilization_routed.rpt"/>
  <File Type="ROUTE-BUS-SKEW" Name="ugv_wrapper_bus_skew_routed.rpt"/>
  <File Type="ROUTE-BUS-SKEW-PB" Name="ugv_wrapper_bus_skew_routed.pb"/>
  <File Type="ROUTE-BUS-SKEW-RPX" Name="ugv_wrapper_bus_skew_routed.rpx"/>
  <File Type="POSTROUTE-PHYSOPT-DCP" Name="ugv_wrapper_postroute_physopt.dcp"/>
  <File Type="POSTROUTE-PHYSOPT-BLACKBOX-DCP" Name="ugv_wrapper_postroute_physopt_bb.dcp"/>
  <File Type="POSTROUTE-PHYSOPT-TIMING" Name="ugv_wrapper_timing_summary_postroute_physopted.rpt"/>
  <File Type="POSTROUTE-PHYSOPT-TIMING-PB" Name="ugv_wrapper_timing_summary_postroute_physopted.pb"/>
  <File Type="POSTROUTE-PHYSOPT-TIMING-RPX" Name="ugv_wrapper_timing_summary_postroute_physopted.rpx"/>
  <File Type="POSTROUTE-PHYSOPT-BUS-SKEW" Name="ugv_wrapper_bus_skew_postroute_physopted.rpt"/>
  <File Type="POSTROUTE-PHYSOPT-BUS-SKEW-PB" Name="ugv_wrapper_bus_skew_postroute_physopted.pb"/>
  <File Type="BG-BIT" Name="ugv_wrapper.bit"/>
  <File Type="POSTROUTE-PHYSOPT-BUS-SKEW-RPX" Name="ugv_wrapper_bus_skew_postroute_physopted.rpx"/>
  <File Type="BITSTR-RBT" Name="ugv_wrapper.rbt"/>
  <File Type="BITSTR-NKY" Name="ugv_wrapper.nky"/>
  <File Type="BG-DRC" Name="ugv_wrapper.drc"/>
  <File Type="RDI-RDI" Name="ugv_wrapper.vdi"/>
  <File Type="WBT-USG" Name="usage_statistics_webtalk.html"/>
  <FileSet Name="sources" Type="DesignSrcs" RelSrcDir="$PSRCDIR/sources_1">
    <Filter Type="Srcs"/>
    <File Path="$PSRCDIR/sources_1/bd/ugv/ugv.bd">
      <FileInfo>
        <Attr Name="UsedIn" Val="synthesis"/>
        <Attr Name="UsedIn" Val="implementation"/>
        <Attr Name="UsedIn" Val="simulation"/>
      </FileInfo>
    </File>
    <File Path="$PSRCDIR/sources_1/imports/hdl/ugv_wrapper.v">
      <FileInfo>
        <Attr Name="ImportPath" Val="$PSRCDIR/sources_1/bd/ugv/hdl/ugv_wrapper.v"/>
        <Attr Name="ImportTime" Val="1651945813"/>
        <Attr Name="UsedIn" Val="synthesis"/>
        <Attr Name="UsedIn" Val="implementation"/>
        <Attr Name="UsedIn" Val="simulation"/>
      </FileInfo>
    </File>
    <Config>
      <Option Name="DesignMode" Val="RTL"/>
      <Option Name="TopModule" Val="ugv_wrapper"/>
      <Option Name="TopAutoSet" Val="TRUE"/>
    </Config>
  </FileSet>
  <FileSet Name="constrs_in" Type="Constrs" RelSrcDir="$PSRCDIR/constrs_1">
    <Filter Type="Constrs"/>
    <File Path="$PPRDIR/../../NGCP_Embedded_SDK/ugv.xdc">
      <FileInfo>
        <Attr Name="UsedIn" Val="synthesis"/>
        <Attr Name="UsedIn" Val="implementation"/>
      </FileInfo>
    </File>
    <Config>
      <Option Name="ConstrsType" Val="XDC"/>
    </Config>
  </FileSet>
  <FileSet Name="utils" Type="Utils" RelSrcDir="$PSRCDIR/utils_1">
    <Filter Type="Utils"/>
    <Config>
      <Option Name="TopAutoSet" Val="TRUE"/>
    </Config>
  </FileSet>
  <Strategy Version="1" Minor="2">
    <StratHandle Name="Vivado Implementation Defaults" Flow="Vivado Implementation 2019"/>
    <Step Id="init_design"/>
    <Step Id="opt_design"/>
    <Step Id="power_opt_design"/>
    <Step Id="place_design"/>
    <Step Id="post_place_power_opt_design"/>
    <Step Id="phys_opt_design"/>
    <Step Id="route_design"/>
    <Step Id="post_route_phys_opt_design"/>
    <Step Id="write_bitstream"/>
  </Strategy>
  <BlockFileSet Type="BlockSrcs" Name="ugv_motorPWM_0_2"/>
  <BlockFileSet Type="BlockSrcs" Name="ugv_axi_uartlite_0_2"/>
  <BlockFileSet Type="BlockSrcs" Name="ugv_motorPWM_0_1"/>
  <BlockFileSet Type="BlockSrcs" Name="ugv_xbar_0"/>
  <BlockFileSet Type="BlockSrcs" Name="ugv_axi_uartlite_0_1"/>
  <BlockFileSet Type="BlockSrcs" Name="ugv_motorPWM_0_0"/>
  <BlockFileSet Type="BlockSrcs" Name="ugv_rst_ps7_0_100M_0"/>
  <BlockFileSet Type="BlockSrcs" Name="ugv_xadc_wiz_0_0"/>
  <BlockFileSet Type="BlockSrcs" Name="ugv_axi_uartlite_0_0"/>
  <BlockFileSet Type="BlockSrcs" Name="ugv_processing_system7_0_0"/>
  <BlockFileSet Type="BlockSrcs" Name="ugv_servoz3_0_0"/>
</GenRun>
