<?xml version="1.0" encoding="UTF-8"?>
<GenRun Id="synth_1" LaunchPart="xc7z020clg400-1" LaunchTime="1652315760">
  <File Type="PA-TCL" Name="ugv_wrapper.tcl"/>
  <File Type="RDS-PROPCONSTRS" Name="ugv_wrapper_drc_synth.rpt"/>
  <File Type="REPORTS-TCL" Name="ugv_wrapper_reports.tcl"/>
  <File Type="RDS-RDS" Name="ugv_wrapper.vds"/>
  <File Type="RDS-UTIL" Name="ugv_wrapper_utilization_synth.rpt"/>
  <File Type="RDS-UTIL-PB" Name="ugv_wrapper_utilization_synth.pb"/>
  <File Type="RDS-DCP" Name="ugv_wrapper.dcp"/>
  <File Type="VDS-TIMINGSUMMARY" Name="ugv_wrapper_timing_summary_synth.rpt"/>
  <File Type="VDS-TIMING-PB" Name="ugv_wrapper_timing_summary_synth.pb"/>
  <FileSet Name="sources" Type="DesignSrcs" RelSrcDir="$PSRCDIR/sources_1">
    <Filter Type="Srcs"/>
    <File Path="$PSRCDIR/sources_1/bd/ugv/ugv.bd">
      <FileInfo>
        <Attr Name="UsedIn" Val="synthesis"/>
        <Attr Name="UsedIn" Val="implementation"/>
        <Attr Name="UsedIn" Val="simulation"/>
      </FileInfo>
    </File>
    <File Path="$PSRCDIR/sources_1/imports/hdl/ugv_wrapper.v">
      <FileInfo>
        <Attr Name="ImportPath" Val="$PSRCDIR/sources_1/bd/ugv/hdl/ugv_wrapper.v"/>
        <Attr Name="ImportTime" Val="1651945813"/>
        <Attr Name="UsedIn" Val="synthesis"/>
        <Attr Name="UsedIn" Val="implementation"/>
        <Attr Name="UsedIn" Val="simulation"/>
      </FileInfo>
    </File>
    <Config>
      <Option Name="DesignMode" Val="RTL"/>
      <Option Name="TopModule" Val="ugv_wrapper"/>
      <Option Name="TopAutoSet" Val="TRUE"/>
    </Config>
  </FileSet>
  <FileSet Name="constrs_in" Type="Constrs" RelSrcDir="$PSRCDIR/constrs_1">
    <Filter Type="Constrs"/>
    <File Path="$PPRDIR/../../NGCP_Embedded_SDK/ugv.xdc">
      <FileInfo>
        <Attr Name="UsedIn" Val="synthesis"/>
        <Attr Name="UsedIn" Val="implementation"/>
      </FileInfo>
    </File>
    <Config>
      <Option Name="ConstrsType" Val="XDC"/>
    </Config>
  </FileSet>
  <FileSet Name="utils" Type="Utils" RelSrcDir="$PSRCDIR/utils_1">
    <Filter Type="Utils"/>
    <Config>
      <Option Name="TopAutoSet" Val="TRUE"/>
    </Config>
  </FileSet>
  <Strategy Version="1" Minor="2">
    <StratHandle Name="Vivado Synthesis Defaults" Flow="Vivado Synthesis 2019"/>
    <Step Id="synth_design"/>
  </Strategy>
  <BlockFileSet Type="BlockSrcs" Name="ugv_motorPWM_0_2"/>
  <BlockFileSet Type="BlockSrcs" Name="ugv_axi_uartlite_0_2"/>
  <BlockFileSet Type="BlockSrcs" Name="ugv_motorPWM_0_1"/>
  <BlockFileSet Type="BlockSrcs" Name="ugv_xbar_0"/>
  <BlockFileSet Type="BlockSrcs" Name="ugv_axi_uartlite_0_1"/>
  <BlockFileSet Type="BlockSrcs" Name="ugv_motorPWM_0_0"/>
  <BlockFileSet Type="BlockSrcs" Name="ugv_rst_ps7_0_100M_0"/>
  <BlockFileSet Type="BlockSrcs" Name="ugv_xadc_wiz_0_0"/>
  <BlockFileSet Type="BlockSrcs" Name="ugv_axi_uartlite_0_0"/>
  <BlockFileSet Type="BlockSrcs" Name="ugv_processing_system7_0_0"/>
  <BlockFileSet Type="BlockSrcs" Name="ugv_servoz3_0_0"/>
</GenRun>
