<?xml version="1.0" encoding="UTF-8"?>
<GenRun Id="ugv_axi_uartlite_0_2_synth_1" LaunchPart="xc7z020clg400-1" LaunchTime="1650165484">
  <File Type="PA-TCL" Name="ugv_axi_uartlite_0_2.tcl"/>
  <File Type="REPORTS-TCL" Name="ugv_axi_uartlite_0_2_reports.tcl"/>
  <File Type="RDS-RDS" Name="ugv_axi_uartlite_0_2.vds"/>
  <File Type="RDS-UTIL" Name="ugv_axi_uartlite_0_2_utilization_synth.rpt"/>
  <File Type="RDS-UTIL-PB" Name="ugv_axi_uartlite_0_2_utilization_synth.pb"/>
  <File Type="RDS-DCP" Name="ugv_axi_uartlite_0_2.dcp"/>
  <FileSet Name="sources" Type="BlockSrcs" RelSrcDir="$PSRCDIR/ugv_axi_uartlite_0_2">
    <File Path="$PSRCDIR/sources_1/bd/ugv/ip/ugv_axi_uartlite_0_2/ugv_axi_uartlite_0_2.xci">
      <FileInfo>
        <Attr Name="UsedIn" Val="synthesis"/>
        <Attr Name="UsedIn" Val="implementation"/>
        <Attr Name="UsedIn" Val="simulation"/>
      </FileInfo>
    </File>
    <Config>
      <Option Name="TopModule" Val="ugv_axi_uartlite_0_2"/>
      <Option Name="UseBlackboxStub" Val="1"/>
    </Config>
  </FileSet>
  <FileSet Name="constrs_in" Type="BlockSrcs" RelSrcDir="$PSRCDIR/ugv_axi_uartlite_0_2">
    <File Path="$PSRCDIR/sources_1/bd/ugv/ip/ugv_axi_uartlite_0_2/ugv_axi_uartlite_0_2.xci">
      <FileInfo>
        <Attr Name="UsedIn" Val="synthesis"/>
        <Attr Name="UsedIn" Val="implementation"/>
        <Attr Name="UsedIn" Val="simulation"/>
      </FileInfo>
    </File>
    <Config>
      <Option Name="TopModule" Val="ugv_axi_uartlite_0_2"/>
      <Option Name="UseBlackboxStub" Val="1"/>
    </Config>
  </FileSet>
  <FileSet Name="utils" Type="Utils" RelSrcDir="$PSRCDIR/utils_1">
    <Filter Type="Utils"/>
    <Config>
      <Option Name="TopAutoSet" Val="TRUE"/>
    </Config>
  </FileSet>
  <Strategy Version="1" Minor="2">
    <StratHandle Name="Vivado Synthesis Defaults" Flow="Vivado Synthesis 2019"/>
    <Step Id="synth_design"/>
  </Strategy>
</GenRun>
